{"name":"0fc09233-548b-41bb-b630-397aa31f2822","id":"/providers/Microsoft.Flow/flows/0fc09233-548b-41bb-b630-397aa31f2822","type":"Microsoft.Flow/flows","properties":{"apiId":"/providers/Microsoft.PowerApps/apis/shared_logicflows","displayName":"ExportStudentFile","definition":{"metadata":{"workflowEntityId":null,"creator":{"id":"0bd3d033-c93c-4fca-9663-4aa8a196348f","type":"User","tenantId":"f84e4701-b7a8-4514-83d3-09efd51ad2be"},"provisioningMethod":"FromDefinition","failureAlertSubscription":true,"clientLastModifiedTime":"2020-04-21T16:18:13.4668854Z"},"$schema":"https://schema.management.azure.com/providers/Microsoft.Logic/schemas/2016-06-01/workflowdefinition.json#","contentVersion":"1.0.0.0","parameters":{"$connections":{"defaultValue":{},"type":"Object"},"$authentication":{"defaultValue":{},"type":"SecureObject"}},"triggers":{"manual":{"type":"Request","kind":"PowerApp","inputs":{"schema":{"type":"object","properties":{"Getitems_FilterQuery":{"type":"string","description":"An ODATA filter query to restrict the entries returned (e.g. stringColumn eq 'string' OR numberColumn lt 123).. This parameter is used as part of \"C0CB1288-38F0-48C6-8052-CFACCC03F126\"","x-ms-powerflows-param-ispartial":true},"Getitems_FilterQuery_1":{"type":"string"},"Getitems_FilterQuery_2":{"type":"string"},"Getitems_FilterQuery_3":{"type":"string"}},"required":["Getitems_FilterQuery","Getitems_FilterQuery_1","Getitems_FilterQuery_2","Getitems_FilterQuery_3"]}}}},"actions":{"Get_items":{"runAfter":{},"metadata":{"flowSystemMetadata":{"swaggerOperationId":"GetItems"}},"type":"ApiConnection","inputs":{"host":{"connection":{"name":"@json(decodeBase64(triggerOutputs().headers['X-MS-APIM-Tokens']))['$connections']['shared_sharepointonline']['connectionId']"},"api":{"runtimeUrl":"https://unitedstates-002.azure-apim.net/apim/sharepointonline"}},"method":"get","path":"/datasets/@{encodeURIComponent(encodeURIComponent('https://bagrl.sharepoint.com/sites/shabh-test2'))}/tables/@{encodeURIComponent(encodeURIComponent('dded63fc-5286-4742-9d77-9162ed9fa6d7'))}/items","queries":{"$filter":"LessonDate ge '@{triggerBody()['Getitems_FilterQuery']}' and LessonDate le '@{triggerBody()['Getitems_FilterQuery_1']}' and ClassId eq '@{triggerBody()['Getitems_FilterQuery_2']}' and StudentEmailId  eq '@{triggerBody()['Getitems_FilterQuery_3']}'"},"authentication":{"type":"Raw","value":"@json(decodeBase64(triggerOutputs().headers['X-MS-APIM-Tokens']))['$ConnectionKey']"}}},"Create_CSV_table":{"runAfter":{"Get_items":["Succeeded"]},"type":"Table","inputs":{"from":"@body('Get_items')?['value']","format":"CSV","columns":[{"header":"Name","value":"@item()?['StudentName']"},{"header":"Class","value":"@item()?['ClassName']"},{"header":"Date","value":"@item()?['LessonDate']"},{"header":"StartTime","value":"@item()?['StartTime']"},{"header":"EndTime","value":"@item()?['EndTime']"},{"header":"Attendance","value":"@item()?['Attendance']"},{"header":"AttendanceTakenBy","value":"@item()?['AttendanceTakenBy']"},{"header":"Notes","value":"@item()?['Notes']"}]}},"Compose":{"runAfter":{"Create_CSV_table":["Succeeded"]},"type":"Compose","inputs":"@utcNow()"},"Create_file":{"runAfter":{"Compose":["Succeeded"]},"metadata":{"flowSystemMetadata":{"swaggerOperationId":"CreateFile"}},"type":"ApiConnection","inputs":{"host":{"connection":{"name":"@json(decodeBase64(triggerOutputs().headers['X-MS-APIM-Tokens']))['$connections']['shared_onedriveforbusiness']['connectionId']"},"api":{"runtimeUrl":"https://unitedstates-002.azure-apim.net/apim/onedriveforbusiness"}},"method":"post","body":"@body('Create_CSV_table')","path":"/datasets/default/files","queries":{"folderPath":"/","name":"@{triggerBody()['Getitems_FilterQuery_3']}@{outputs('Compose')}.csv"},"authentication":{"type":"Raw","value":"@json(decodeBase64(triggerOutputs().headers['X-MS-APIM-Tokens']))['$ConnectionKey']"}},"runtimeConfiguration":{"contentTransfer":{"transferMode":"Chunked"}}}}},"connectionReferences":{"shared_sharepointonline":{"connectionName":"09425ab461f3486c895820d4206bc24e","source":"Invoker","id":"/providers/Microsoft.PowerApps/apis/shared_sharepointonline","tier":"NotSpecified"},"shared_onedriveforbusiness":{"connectionName":"74d1050fbf4d44338f52f57ba2e7bd99","source":"Invoker","id":"/providers/Microsoft.PowerApps/apis/shared_onedriveforbusiness","tier":"NotSpecified"}},"flowFailureAlertSubscribed":false}}