{"name":"96344a07-5ca1-4537-a89d-5f59eb9f5c55","id":"/providers/Microsoft.Flow/flows/96344a07-5ca1-4537-a89d-5f59eb9f5c55","type":"Microsoft.Flow/flows","properties":{"apiId":"/providers/Microsoft.PowerApps/apis/shared_logicflows","displayName":"CreateSPLists","definition":{"metadata":{"workflowEntityId":null,"creator":{"id":"0bd3d033-c93c-4fca-9663-4aa8a196348f","type":"User","tenantId":"f84e4701-b7a8-4514-83d3-09efd51ad2be"},"provisioningMethod":"FromDefinition","failureAlertSubscription":true,"clientLastModifiedTime":"2020-04-28T04:06:14.4787396Z"},"$schema":"https://schema.management.azure.com/providers/Microsoft.Logic/schemas/2016-06-01/workflowdefinition.json#","contentVersion":"1.0.0.0","parameters":{"$connections":{"defaultValue":{},"type":"Object"},"$authentication":{"defaultValue":{},"type":"SecureObject"}},"triggers":{"manual":{"type":"Request","kind":"Button","inputs":{"schema":{"type":"object","properties":{"text":{"title":"TeamSharepointUrl","type":"string","x-ms-dynamically-added":true,"description":"Please Enter Sharepoint URL corresponding to your Team","x-ms-content-hint":"TEXT"}},"required":["text"]}}}},"actions":{"Single_Line_of_text_Fields_Array":{"runAfter":{"List_of_Sharepoint_Sites":["Succeeded"]},"type":"InitializeVariable","inputs":{"variables":[{"name":"Single Line of text Fields Array","type":"array"}]}},"Number_Fields_Array":{"runAfter":{"Single_Line_of_text_Fields_Array":["Succeeded"]},"type":"InitializeVariable","inputs":{"variables":[{"name":"Number Fields Array","type":"array"}]}},"List_of_Sharepoint_Sites":{"runAfter":{},"type":"InitializeVariable","inputs":{"variables":[{"name":"List of Sharepoint Sites","type":"array","value":["@{string(triggerBody()['text'])}"]}]}},"For_all_sharepoint_sites":{"foreach":"@variables('List of Sharepoint Sites')","actions":{"Create_SessionMetaData_List":{"actions":{"Send_an_HTTP_request_to_SharePoint":{"runAfter":{},"metadata":{"flowSystemMetadata":{"swaggerOperationId":"HttpRequest"}},"type":"ApiConnection","inputs":{"host":{"connection":{"name":"@json(decodeBase64(triggerOutputs().headers['X-MS-APIM-Tokens']))['$connections']['shared_sharepointonline_2']['connectionId']"},"api":{"runtimeUrl":"https://unitedstates-002.azure-apim.net/apim/sharepointonline"}},"method":"post","body":{"method":"POST","uri":"/_api/web/lists","headers":{"Accept":"application/json;odata=verbose","Content-Type":"application/json;odata=verbose"},"body":"{\n  \"__metadata\": {\"type\": \"SP.List\"},\n  \"AllowContentTypes\": true,\n  \"BaseTemplate\": 100,\n \"Description\": \"List for SessionMetaData\",\n \"Title\": \"SessionMetaData\"\n}"},"path":"/datasets/@{encodeURIComponent(encodeURIComponent(items('For_all_sharepoint_sites')))}/httprequest","authentication":{"type":"Raw","value":"@json(decodeBase64(triggerOutputs().headers['X-MS-APIM-Tokens']))['$ConnectionKey']"}}},"Set_value_for_single_line_of_text":{"runAfter":{"Send_an_HTTP_request_to_SharePoint":["Succeeded"]},"type":"SetVariable","inputs":{"name":"Single Line of text Fields Array","value":["ClassId","StartTime","EndTime","ClassName","TeacherEmailAlias"]}},"For_all_items_in_Single_line_of_text_array":{"foreach":"@variables('Single Line of text Fields Array')","actions":{"Create_single_line_of_text_fields_from_array":{"runAfter":{},"metadata":{"flowSystemMetadata":{"swaggerOperationId":"HttpRequest"}},"type":"ApiConnection","inputs":{"host":{"connection":{"name":"@json(decodeBase64(triggerOutputs().headers['X-MS-APIM-Tokens']))['$connections']['shared_sharepointonline_2']['connectionId']"},"api":{"runtimeUrl":"https://unitedstates-002.azure-apim.net/apim/sharepointonline"}},"method":"post","body":{"method":"POST","uri":"_api/lists/getbytitle('SessionMetaData')/fields","headers":{"Accept":"application/json;odata=verbose","Content-Type":"application/json;odata=verbose"},"body":"{\n    '__metadata': {'type':'SP.FieldText','addToDefaultView': 'true'},\n    'FieldTypeKind': 2,\n    'Title': '@{items('For_all_items_in_Single_line_of_text_array')}'\n}"},"path":"/datasets/@{encodeURIComponent(encodeURIComponent(items('For_all_sharepoint_sites')))}/httprequest","authentication":{"type":"Raw","value":"@json(decodeBase64(triggerOutputs().headers['X-MS-APIM-Tokens']))['$ConnectionKey']"}}},"Add_text_field_to_default_view":{"runAfter":{"Create_single_line_of_text_fields_from_array":["Succeeded"]},"metadata":{"flowSystemMetadata":{"swaggerOperationId":"HttpRequest"}},"type":"ApiConnection","inputs":{"host":{"connection":{"name":"@json(decodeBase64(triggerOutputs().headers['X-MS-APIM-Tokens']))['$connections']['shared_sharepointonline_2']['connectionId']"},"api":{"runtimeUrl":"https://unitedstates-002.azure-apim.net/apim/sharepointonline"}},"method":"post","body":{"method":"POST","uri":"_api/web/lists/GetByTitle('SessionMetaData')/views/getbytitle('All Items')/ViewFields/AddViewField('@{items('For_all_items_in_Single_line_of_text_array')}')","headers":{"accept":"application/json;odata=verbose","content-Type":"application/json;odata=verbose"}},"path":"/datasets/@{encodeURIComponent(encodeURIComponent(items('For_all_sharepoint_sites')))}/httprequest","authentication":{"type":"Raw","value":"@json(decodeBase64(triggerOutputs().headers['X-MS-APIM-Tokens']))['$ConnectionKey']"}}}},"runAfter":{"Set_value_for_single_line_of_text":["Succeeded"]},"type":"Foreach"},"Set_Number_Fields_Array":{"runAfter":{"For_all_items_in_Single_line_of_text_array":["Succeeded"]},"type":"SetVariable","inputs":{"name":"Number Fields Array","value":["StartTimeNumber","EndTimeNumber"]}},"For_all_items_in_Number_Fields_Array":{"foreach":"@variables('Number Fields Array')","actions":{"Create_Number_Field_request":{"runAfter":{},"metadata":{"flowSystemMetadata":{"swaggerOperationId":"HttpRequest"}},"type":"ApiConnection","inputs":{"host":{"connection":{"name":"@json(decodeBase64(triggerOutputs().headers['X-MS-APIM-Tokens']))['$connections']['shared_sharepointonline_2']['connectionId']"},"api":{"runtimeUrl":"https://unitedstates-002.azure-apim.net/apim/sharepointonline"}},"method":"post","body":{"method":"POST","uri":"_api/lists/getbytitle('SessionMetaData')/fields","headers":{"Accept":"application/json;odata=verbose","Content-Type":"application/json;odata=verbose"},"body":"{\n    '__metadata': {'type':'SP.FieldNumber','addToDefaultView': 'true'},\n    'FieldTypeKind': 9,\n    'Title': '@{items('For_all_items_in_Number_Fields_Array')}'\n}"},"path":"/datasets/@{encodeURIComponent(encodeURIComponent(items('For_all_sharepoint_sites')))}/httprequest","authentication":{"type":"Raw","value":"@json(decodeBase64(triggerOutputs().headers['X-MS-APIM-Tokens']))['$ConnectionKey']"}}},"Add_number_field_to_default_view":{"runAfter":{"Create_Number_Field_request":["Succeeded"]},"metadata":{"flowSystemMetadata":{"swaggerOperationId":"HttpRequest"}},"type":"ApiConnection","inputs":{"host":{"connection":{"name":"@json(decodeBase64(triggerOutputs().headers['X-MS-APIM-Tokens']))['$connections']['shared_sharepointonline_2']['connectionId']"},"api":{"runtimeUrl":"https://unitedstates-002.azure-apim.net/apim/sharepointonline"}},"method":"post","body":{"method":"POST","uri":"_api/web/lists/GetByTitle('SessionMetaData')/views/getbytitle('All Items')/ViewFields/AddViewField('@{items('For_all_items_in_Number_Fields_Array')}')","headers":{"accept":"application/json;odata=verbose","content-Type":"application/json;odata=verbose"}},"path":"/datasets/@{encodeURIComponent(encodeURIComponent(items('For_all_sharepoint_sites')))}/httprequest","authentication":{"type":"Raw","value":"@json(decodeBase64(triggerOutputs().headers['X-MS-APIM-Tokens']))['$ConnectionKey']"}}}},"runAfter":{"Set_Number_Fields_Array":["Succeeded"]},"type":"Foreach"},"Create_LessonDate_date_only_field":{"runAfter":{"For_all_items_in_Number_Fields_Array":["Succeeded"]},"metadata":{"flowSystemMetadata":{"swaggerOperationId":"HttpRequest"}},"type":"ApiConnection","inputs":{"host":{"connection":{"name":"@json(decodeBase64(triggerOutputs().headers['X-MS-APIM-Tokens']))['$connections']['shared_sharepointonline_2']['connectionId']"},"api":{"runtimeUrl":"https://unitedstates-002.azure-apim.net/apim/sharepointonline"}},"method":"post","body":{"method":"POST","uri":"_api/lists/getbytitle('SessionMetaData')/fields","headers":{"Accept":"application/json;odata=verbose","Content-Type":"application/json;odata=verbose"},"body":"{\n    '__metadata': {'type':'SP.FieldDateTime','addToDefaultView': 'true'},\n    'FieldTypeKind': 4,\n    'Title': 'LessonDate',\n    'DisplayFormat': 0\n}"},"path":"/datasets/@{encodeURIComponent(encodeURIComponent(items('For_all_sharepoint_sites')))}/httprequest","authentication":{"type":"Raw","value":"@json(decodeBase64(triggerOutputs().headers['X-MS-APIM-Tokens']))['$ConnectionKey']"}}},"Add_Lesson_Date_to_view_":{"runAfter":{"Create_LessonDate_date_only_field":["Succeeded"]},"metadata":{"flowSystemMetadata":{"swaggerOperationId":"HttpRequest"}},"type":"ApiConnection","inputs":{"host":{"connection":{"name":"@json(decodeBase64(triggerOutputs().headers['X-MS-APIM-Tokens']))['$connections']['shared_sharepointonline_2']['connectionId']"},"api":{"runtimeUrl":"https://unitedstates-002.azure-apim.net/apim/sharepointonline"}},"method":"post","body":{"method":"POST","uri":"_api/web/lists/GetByTitle('SessionMetaData')/views/getbytitle('All Items')/ViewFields/AddViewField('LessonDate')","headers":{"accept":"application/json;odata=verbose","content-Type":"application/json;odata=verbose"}},"path":"/datasets/@{encodeURIComponent(encodeURIComponent(items('For_all_sharepoint_sites')))}/httprequest","authentication":{"type":"Raw","value":"@json(decodeBase64(triggerOutputs().headers['X-MS-APIM-Tokens']))['$ConnectionKey']"}}}},"runAfter":{},"type":"Scope"},"Create_AttendanceRecord_List":{"actions":{"Http_request_to_create_AttendanceRecord_List":{"runAfter":{},"metadata":{"flowSystemMetadata":{"swaggerOperationId":"HttpRequest"}},"type":"ApiConnection","inputs":{"host":{"connection":{"name":"@json(decodeBase64(triggerOutputs().headers['X-MS-APIM-Tokens']))['$connections']['shared_sharepointonline_2']['connectionId']"},"api":{"runtimeUrl":"https://unitedstates-002.azure-apim.net/apim/sharepointonline"}},"method":"post","body":{"method":"POST","uri":"/_api/web/lists","headers":{"Accept":"application/json;odata=verbose","Content-Type":"application/json;odata=verbose"},"body":"{\n  \"__metadata\": {\"type\": \"SP.List\"},\n  \"AllowContentTypes\": true,\n  \"BaseTemplate\": 100,\n \"Description\": \"AttendanceRecord\",\n \"Title\": \"AttendanceRecord\"\n}"},"path":"/datasets/@{encodeURIComponent(encodeURIComponent(items('For_all_sharepoint_sites')))}/httprequest","authentication":{"type":"Raw","value":"@json(decodeBase64(triggerOutputs().headers['X-MS-APIM-Tokens']))['$ConnectionKey']"}}},"Set_Single_Line_of_Text_Array":{"runAfter":{"Http_request_to_create_AttendanceRecord_List":["Succeeded"]},"type":"SetVariable","inputs":{"name":"Single Line of text Fields Array","value":["LessonId","Attendance","StudentEmailId","Notes","AttendanceTakenBy","ClassId","StartTime","EndTime","StudentName","ClassName"]}},"For_all_Single_line_of_text_fields":{"foreach":"@variables('Single Line of text Fields Array')","actions":{"Request_to_create_single_line_of_texts":{"runAfter":{},"metadata":{"flowSystemMetadata":{"swaggerOperationId":"HttpRequest"}},"type":"ApiConnection","inputs":{"host":{"connection":{"name":"@json(decodeBase64(triggerOutputs().headers['X-MS-APIM-Tokens']))['$connections']['shared_sharepointonline_2']['connectionId']"},"api":{"runtimeUrl":"https://unitedstates-002.azure-apim.net/apim/sharepointonline"}},"method":"post","body":{"method":"POST","uri":"_api/lists/getbytitle('AttendanceRecord')/fields","headers":{"Accept":"application/json;odata=verbose","Content-Type":"application/json;odata=verbose"},"body":"{\n    '__metadata': {'type':'SP.FieldText','addToDefaultView': 'true'},\n    'FieldTypeKind': 2,\n    'Title': '@{items('For_all_Single_line_of_text_fields')}'\n}"},"path":"/datasets/@{encodeURIComponent(encodeURIComponent(items('For_all_sharepoint_sites')))}/httprequest","authentication":{"type":"Raw","value":"@json(decodeBase64(triggerOutputs().headers['X-MS-APIM-Tokens']))['$ConnectionKey']"}}},"Add_text_fields_to_view":{"runAfter":{"Request_to_create_single_line_of_texts":["Succeeded"]},"metadata":{"flowSystemMetadata":{"swaggerOperationId":"HttpRequest"}},"type":"ApiConnection","inputs":{"host":{"connection":{"name":"@json(decodeBase64(triggerOutputs().headers['X-MS-APIM-Tokens']))['$connections']['shared_sharepointonline_2']['connectionId']"},"api":{"runtimeUrl":"https://unitedstates-002.azure-apim.net/apim/sharepointonline"}},"method":"post","body":{"method":"POST","uri":"_api/web/lists/GetByTitle('AttendanceRecord')/views/getbytitle('All Items')/ViewFields/AddViewField('@{items('For_all_Single_line_of_text_fields')}')","headers":{"accept":"application/json;odata=verbose","content-Type":"application/json;odata=verbose"}},"path":"/datasets/@{encodeURIComponent(encodeURIComponent(items('For_all_sharepoint_sites')))}/httprequest","authentication":{"type":"Raw","value":"@json(decodeBase64(triggerOutputs().headers['X-MS-APIM-Tokens']))['$ConnectionKey']"}}}},"runAfter":{"Set_Single_Line_of_Text_Array":["Succeeded"]},"type":"Foreach"},"Request_to_create_LessonDate_field":{"runAfter":{"For_all_Single_line_of_text_fields":["Succeeded"]},"metadata":{"flowSystemMetadata":{"swaggerOperationId":"HttpRequest"}},"type":"ApiConnection","inputs":{"host":{"connection":{"name":"@json(decodeBase64(triggerOutputs().headers['X-MS-APIM-Tokens']))['$connections']['shared_sharepointonline_2']['connectionId']"},"api":{"runtimeUrl":"https://unitedstates-002.azure-apim.net/apim/sharepointonline"}},"method":"post","body":{"method":"POST","uri":"_api/lists/getbytitle('AttendanceRecord')/fields","headers":{"Accept":"application/json;odata=verbose","Content-Type":"application/json;odata=verbose"},"body":"{\n    '__metadata': {'type':'SP.FieldDateTime','addToDefaultView': 'true'},\n    'FieldTypeKind': 4,\n    'Title': 'LessonDate',\n    'DisplayFormat': 0\n}"},"path":"/datasets/@{encodeURIComponent(encodeURIComponent(items('For_all_sharepoint_sites')))}/httprequest","authentication":{"type":"Raw","value":"@json(decodeBase64(triggerOutputs().headers['X-MS-APIM-Tokens']))['$ConnectionKey']"}}},"Add_LessonDate_field_to_view_":{"runAfter":{"Request_to_create_LessonDate_field":["Succeeded"]},"metadata":{"flowSystemMetadata":{"swaggerOperationId":"HttpRequest"}},"type":"ApiConnection","inputs":{"host":{"connection":{"name":"@json(decodeBase64(triggerOutputs().headers['X-MS-APIM-Tokens']))['$connections']['shared_sharepointonline_2']['connectionId']"},"api":{"runtimeUrl":"https://unitedstates-002.azure-apim.net/apim/sharepointonline"}},"method":"post","body":{"method":"POST","uri":"_api/web/lists/GetByTitle('AttendanceRecord')/views/getbytitle('All Items')/ViewFields/AddViewField('LessonDate')","headers":{"accept":"application/json;odata=verbose","content-Type":"application/json;odata=verbose"}},"path":"/datasets/@{encodeURIComponent(encodeURIComponent(items('For_all_sharepoint_sites')))}/httprequest","authentication":{"type":"Raw","value":"@json(decodeBase64(triggerOutputs().headers['X-MS-APIM-Tokens']))['$ConnectionKey']"}}}},"runAfter":{"Create_SessionMetaData_List":["Succeeded"]},"type":"Scope"}},"runAfter":{"Number_Fields_Array":["Succeeded"]},"type":"Foreach"}},"outputs":{}},"connectionReferences":{"shared_sharepointonline_2":{"connectionName":"b618dc6043274390a1a22ce142e29d50","source":"Invoker","id":"/providers/Microsoft.PowerApps/apis/shared_sharepointonline","tier":"NotSpecified"}},"flowFailureAlertSubscribed":false}}