{"schemaVersion":"1.0","appDefinitionTemplate":{"id":"/providers/Microsoft.PowerApps/apps/","type":"Microsoft.PowerApps/apps","tags":{"minimumRequiredApiVersion":"2.2.0","primaryDeviceWidth":"1366","primaryDeviceHeight":"768","sienaVersion":"20200421T161149Z-3.20023.8.0","deviceCapabilities":"","supportsPortrait":"false","supportsLandscape":"true","primaryFormFactor":"Tablet","publisherVersion":"3.20023.8","hasComponent":"false","hasUnlockedComponent":"false"},"properties":{"appVersion":"2020-04-21T16:11:49Z","lifeCycleId":"Published","createdByClientVersion":{"major":3,"minor":20023,"build":8,"revision":0,"majorRevision":0,"minorRevision":0},"minClientVersion":{"major":3,"minor":20023,"build":8,"revision":0,"majorRevision":0,"minorRevision":0},"backgroundColor":"rgba(0, 176, 240, 1)","backgroundImageUri":"/6222488727192046793/Nc6d94efe-06a0-4513-af64-f9e71744982e-logoSmallFile","displayName":"AttendanceApp","description":"","commitMessage":"","appUris":{"documentUri":{"value":"/6222488727192046793/Nfe8d6d7c-1c06-4ef0-b73d-716f500d5f88-document.msapp","readonlyValue":"/6222488727192046793/Nfe8d6d7c-1c06-4ef0-b73d-716f500d5f88-document.msapp"},"imageUris":[]},"createdTime":"0001-01-01T00:00:00Z","lastModifiedTime":"0001-01-01T00:00:00Z","sharedGroupsCount":0,"sharedUsersCount":0,"icons":{"smallIconUri":"/6222488727192046793/Nb95f4cf9-e5c3-4018-b5a5-e0e45265a08f-small.png","mediumIconUri":"/6222488727192046793/Ndf8c59f7-49b1-4a8e-a8a9-f1cdfbc1600a-medium.png","largeIconUri":"/6222488727192046793/N2dc916fc-f532-4220-bf2f-3be517d8bdf5-large.png","wideIconUri":"/6222488727192046793/N7420ebe1-311f-47e0-9ef8-c1cd5ed6da9c-wide.png"},"connectionReferences":{"c325af64-bfb0-4b41-a47e-c6bc878f2d51":{"id":"910aeafa-ad37-4cd2-92be-8692b0e60c57","displayName":"Office 365 Groups","iconUri":"https://connectoricons-prod.azureedge.net/office365groups/icon_1.0.1329.1953.png","dataSources":["Office365Groups"],"dependencies":[],"dependents":[],"parameterHints":{},"isOnPremiseConnection":false,"bypassConsent":false,"dataSets":{},"apiTier":"Standard","isCustomApiConnection":false},"5ebe48e5-a5ea-49a9-b07d-d3508c6e3a24":{"id":"6083e392-c8db-4df3-b573-0431035aac21","displayName":"Office 365 Users","iconUri":"https://connectoricons-prod.azureedge.net/office365users/icon_1.0.1335.1964.png","dataSources":["Office365Users"],"dependencies":[],"dependents":[],"parameterHints":{},"isOnPremiseConnection":false,"bypassConsent":false,"dataSets":{},"apiTier":"Standard","isCustomApiConnection":false},"6b46816f-7601-4508-b18f-bb0dfff98ca5":{"id":"1a07926f-3ccd-460f-b076-898ee6057a8c","displayName":"SharePoint","iconUri":"https://connectoricons-prod.azureedge.net/sharepointonline/icon_1.0.1329.1953.png","dataSources":[],"dependencies":[],"dependents":["81c78397-64e8-4b56-8c6c-f12a9a36b0e5","c6115b3a-69f0-4ffc-8d0e-e338aa1c8fcc"],"parameterHints":{},"isOnPremiseConnection":false,"bypassConsent":false,"dataSets":{},"apiTier":"Standard","isCustomApiConnection":false},"7a5eecf8-f35b-4048-82e1-baef78a58b92":{"id":"6ec7bb99-1bb6-4a3f-8ed8-d289324368b0","displayName":"OneDrive for Business","iconUri":"https://connectoricons-prod.azureedge.net/onedriveforbusiness/icon_1.0.1328.1952.png","dataSources":[],"dependencies":[],"dependents":["81c78397-64e8-4b56-8c6c-f12a9a36b0e5","c6115b3a-69f0-4ffc-8d0e-e338aa1c8fcc"],"parameterHints":{},"isOnPremiseConnection":false,"bypassConsent":false,"dataSets":{},"apiTier":"Standard","isCustomApiConnection":false},"81c78397-64e8-4b56-8c6c-f12a9a36b0e5":{"id":"4c31d452-f02c-41ff-89e2-0779fd56c3ea","displayName":"Logic flows","iconUri":"https://resourcestackdeploy.blob.core.windows.net/scripts/13276078.png","dataSources":["ExportStudentFile"],"dependencies":["6b46816f-7601-4508-b18f-bb0dfff98ca5","7a5eecf8-f35b-4048-82e1-baef78a58b92"],"dependents":[],"parameterHints":{"workflowName":{"value":"313554a1-7d66-4fe8-940f-6e19d36b0780"},"6b46816f-7601-4508-b18f-bb0dfff98ca5":{"value":"shared_sharepointonline"},"7a5eecf8-f35b-4048-82e1-baef78a58b92":{"value":"shared_onedriveforbusiness"}},"isOnPremiseConnection":false,"bypassConsent":false,"dataSets":{},"apiTier":"Standard","isCustomApiConnection":false},"c6115b3a-69f0-4ffc-8d0e-e338aa1c8fcc":{"id":"4c31d452-f02c-41ff-89e2-0779fd56c3ea","displayName":"Logic flows","iconUri":"https://resourcestackdeploy.blob.core.windows.net/scripts/13276078.png","dataSources":["ExportAllFile"],"dependencies":["6b46816f-7601-4508-b18f-bb0dfff98ca5","7a5eecf8-f35b-4048-82e1-baef78a58b92"],"dependents":[],"parameterHints":{"workflowName":{"value":"723fc723-3c58-4860-8267-e787be8a44c3"},"6b46816f-7601-4508-b18f-bb0dfff98ca5":{"value":"shared_sharepointonline"},"7a5eecf8-f35b-4048-82e1-baef78a58b92":{"value":"shared_onedriveforbusiness"}},"isOnPremiseConnection":false,"bypassConsent":false,"dataSets":{},"apiTier":"Standard","isCustomApiConnection":false}},"databaseReferences":{},"almMode":"Environment","performanceOptimizationEnabled":false,"canConsumeAppPass":true},"isAppComponentLibrary":false,"appType":"ClassicCanvasApp","appComponents":[]}}