{"schemaVersion":"1.0","appDefinitionTemplate":{"id":"/providers/Microsoft.PowerApps/apps/","type":"Microsoft.PowerApps/apps","tags":{"minimumRequiredApiVersion":"2.2.0"},"properties":{"appVersion":"2020-01-31T13:11:15Z","lifeCycleId":"Published","createdByClientVersion":{"major":3,"minor":19126,"build":17,"revision":0,"majorRevision":0,"minorRevision":0},"minClientVersion":{"major":3,"minor":19126,"build":17,"revision":0,"majorRevision":0,"minorRevision":0},"backgroundColor":"rgba(0, 176, 240, 1)","backgroundImageUri":"/15491741439763701719/Nfd893d37-ffb0-4368-a9a5-1a764f5e8eb2-logoSmallFile","displayName":"AttendanceApp","description":"","commitMessage":"","appUris":{"documentUri":{"value":"/15491741439763701719/N07a4488b-5663-40d6-b388-581fe53992be-document.msapp","readonlyValue":"/15491741439763701719/N07a4488b-5663-40d6-b388-581fe53992be-document.msapp"},"imageUris":[]},"createdTime":"0001-01-01T00:00:00Z","lastModifiedTime":"0001-01-01T00:00:00Z","sharedGroupsCount":0,"sharedUsersCount":0,"icons":{"smallIconUri":"/15491741439763701719/N61f74d1f-9c64-49ae-a52e-0a437c5f5c28-small.png","mediumIconUri":"/15491741439763701719/N65cc936a-79e0-46f2-849a-612efcacfcd1-medium.png","largeIconUri":"/15491741439763701719/Nfc57fb5a-076b-47c7-8306-bb266cebb8b9-large.png","wideIconUri":"/15491741439763701719/Na25137af-466e-4520-b5d3-29a9c8aaf34d-wide.png"},"connectionReferences":{"c325af64-bfb0-4b41-a47e-c6bc878f2d51":{"id":"38fbe867-d40e-4128-843a-e825615d1348","displayName":"Office 365 Groups","iconUri":"https://connectoricons-prod.azureedge.net/office365groups/icon_1.0.1298.1845.png","dataSources":["Office365Groups"],"dependencies":[],"dependents":[],"parameterHints":{},"isOnPremiseConnection":false,"dataSets":{},"apiTier":"Standard","isCustomApiConnection":false},"5ebe48e5-a5ea-49a9-b07d-d3508c6e3a24":{"id":"fd9de6cc-b36e-45fa-8695-716748e03126","displayName":"Office 365 Users","iconUri":"https://connectoricons-prod.azureedge.net/office365users/icon_1.0.1298.1845.png","dataSources":["Office365Users"],"dependencies":[],"dependents":[],"parameterHints":{},"isOnPremiseConnection":false,"dataSets":{},"apiTier":"Standard","isCustomApiConnection":false},"6b46816f-7601-4508-b18f-bb0dfff98ca5":{"id":"9ec80985-b407-4efc-b206-940ba6151955","displayName":"SharePoint","iconUri":"https://connectoricons-prod.azureedge.net/sharepointonline/icon_1.0.1299.1858.png","dataSources":[],"dependencies":[],"dependents":["81c78397-64e8-4b56-8c6c-f12a9a36b0e5","c6115b3a-69f0-4ffc-8d0e-e338aa1c8fcc"],"parameterHints":{},"isOnPremiseConnection":false,"dataSets":{},"apiTier":"Standard","isCustomApiConnection":false},"7a5eecf8-f35b-4048-82e1-baef78a58b92":{"id":"1def5dba-4fc0-40ba-9bf1-d80a6b777a36","displayName":"OneDrive for Business","iconUri":"https://connectoricons-prod.azureedge.net/onedriveforbusiness/icon_1.0.1284.1763.png","dataSources":[],"dependencies":[],"dependents":["81c78397-64e8-4b56-8c6c-f12a9a36b0e5","c6115b3a-69f0-4ffc-8d0e-e338aa1c8fcc"],"parameterHints":{},"isOnPremiseConnection":false,"dataSets":{},"apiTier":"Standard","isCustomApiConnection":false},"81c78397-64e8-4b56-8c6c-f12a9a36b0e5":{"id":"4e918aeb-6560-411e-ae64-89b87d2de62b","displayName":"Logic flows","iconUri":"https://resourcestackdeploy.blob.core.windows.net/scripts/13276078.png","dataSources":["ExportStudentFile"],"dependencies":["6b46816f-7601-4508-b18f-bb0dfff98ca5","7a5eecf8-f35b-4048-82e1-baef78a58b92"],"dependents":[],"parameterHints":{"workflowName":{"value":"14bfc451-88ea-42fe-8ced-fa8d523ca217"},"6b46816f-7601-4508-b18f-bb0dfff98ca5":{"value":"shared_sharepointonline"},"7a5eecf8-f35b-4048-82e1-baef78a58b92":{"value":"shared_onedriveforbusiness"}},"isOnPremiseConnection":false,"dataSets":{},"apiTier":"Standard","isCustomApiConnection":false},"c6115b3a-69f0-4ffc-8d0e-e338aa1c8fcc":{"id":"4e918aeb-6560-411e-ae64-89b87d2de62b","displayName":"Logic flows","iconUri":"https://resourcestackdeploy.blob.core.windows.net/scripts/13276078.png","dataSources":["ExportAllFile"],"dependencies":["6b46816f-7601-4508-b18f-bb0dfff98ca5","7a5eecf8-f35b-4048-82e1-baef78a58b92"],"dependents":[],"parameterHints":{"workflowName":{"value":"a405433c-7375-4a80-b2e0-4b7698ab46db"},"6b46816f-7601-4508-b18f-bb0dfff98ca5":{"value":"shared_sharepointonline"},"7a5eecf8-f35b-4048-82e1-baef78a58b92":{"value":"shared_onedriveforbusiness"}},"isOnPremiseConnection":false,"dataSets":{},"apiTier":"Standard","isCustomApiConnection":false}},"databaseReferences":{},"almMode":"Environment","performanceOptimizationEnabled":false,"canConsumeAppPass":true},"isAppComponentLibrary":false,"appComponents":[]}}